TMP007, contain Ran 11
TBK095, contain Ran 11
BTM429, contain Ran 11
TPI116, contain Ran 11
TBK524, contain Ran 11
BTM205, contain Ran 11
TPI117, contain Ran 11
TPI036, contain Ran 11
TBK067, contain Ran 11
BTM188, contain Ran 11
BTM152, contain Ran 11
BTM049, contain Ran 11
DAK020, contain Ran 11
BTM549, contain Ran 11
TBH111, contain Ran 11
BTM632, contain Ran 11
NTJ003, contain Ran 11
TPI144, contain Ran 11
TBK084, contain Ran 11
TBH245, contain Ran 11
RAI033, contain Ran 11
TBH750, contain Ran 11
BTM871, contain Ran 11
BTM012, contain Ran 11
BTM652, contain Ran 11
TBK072, contain Ran 11
BTM737, contain Ran 11
BTM647, contain Ran 11
BTM803, contain Ran 11
TBK069, contain Ran 11
TPI566, contain Ran 11
TPI542, contain Ran 11
BTM571, contain Ran 11
TPI533, contain Ran 11
TBK537, contain Ran 11
BTM791, contain Ran 11
TPI219, contain Ran 11
BTM967, contain Ran 11
TBH009, contain Ran 11
BTM980, contain Ran 11
RAI551, contain Ran 11
BTM192, contain Ran 11
BTM796, contain Ran 11
BTM242, contain Ran 11
BTM852, contain Ran 11
BTM674, contain Ran 11
BTX010, contain Ran 11
BTM494, contain Ran 11
BTM624, contain Ran 11
TPI652, contain Ran 11
BTM646, contain Ran 11
BTM156, contain Ran 11
BTM048, contain Ran 11
BTM784, contain Ran 11
TBH250, contain Ran 11
BTM107, contain Ran 11
BTM595, contain Ran 11
TPI023, contain Ran 11
BTM861, contain Ran 11
TBK005, contain Ran 11
TPI612, contain Ran 11
BTM872, contain Ran 11
BTM401, contain Ran 11
BTM712, contain Ran 11
BTM177, contain Ran 11
BTM538, contain Ran 11
TBH417, contain Ran 11
BTM393, contain Ran 11
BTM186, contain Ran 11
BTM563, contain Ran 11
TPI507, contain Ran 11
BTM082, contain Ran 11
TBK042, contain Ran 11
TPI617, contain Ran 11
COJ071, contain Ran 11
TPI033, contain Ran 11
BTM026, contain Ran 11
TPI501, contain Ran 11
BTM869, contain Ran 11
TBK170, contain Ran 11
TPI639, contain Ran 11
BTM720, contain Ran 11
BTM759, contain Ran 11
BTM125, contain Ran 11
TBK100, contain Ran 11
BTM865, contain Ran 11
BTM685, contain Ran 11
BTM099, contain Ran 11
TPI019, contain Ran 11
TPI105, contain Ran 11
TPI251, contain Ran 11
RAI521, contain Ran 11
BTM263, contain Ran 11
BTM028, contain Ran 11
TBH046, contain Ran 11
TBK105, contain Ran 11
BTM184, contain Ran 11
TPI251, contain Ran 11
TBH022, contain Ran 11
BTM234, contain Ran 11
BTM040, contain Ran 11
TBK544, contain Ran 11
BTM569, contain Ran 11
BTX011, contain Ran 11
TBK022, contain Ran 11
BTM998, contain Ran 11
BTM080, contain Ran 11
RAI514, contain Ran 11
TBK161, contain Ran 11
BTM187, contain Ran 11
BTM840, contain Ran 11
COJ097, contain Ran 11
TPI540, contain Ran 11
RAI106, contain Ran 11
BTM063, contain Ran 11
BTM078, contain Ran 11
BTM037, contain Ran 11
BTM874, contain Ran 11
BTM913, contain Ran 11
TBK236, contain Ran 11
TPI051, contain Ran 11
BTM666, contain Ran 11
BTM914, contain Ran 11
BTM670, contain Ran 11
TBK091, contain Ran 11
BTM691, contain Ran 11
TBK078, contain Ran 11
BTM492, contain Ran 11
BTX022, contain Ran 11
BTM933, contain Ran 11
BTM233, contain Ran 11
TBK043, contain Ran 11
TPI001, contain Ran 11
RAI070, contain Ran 11
BTX013, contain Ran 11
BTM976, contain Ran 11
TBK546, contain Ran 11
RAI091, contain Ran 11
TBH047, contain Ran 11
BTM076, contain Ran 11
TPI072, contain Ran 11
BTM020, contain Ran 11
TBK292, contain Ran 11
TBH178, contain Ran 11
TPI640, contain Ran 11
TBK080, contain Ran 11
TPI191, contain Ran 11
BTM841, contain Ran 11
TPI437, contain Ran 11
BTM085, contain Ran 11
TPI119, contain Ran 11
TPI345, contain Ran 11
BTM444, contain Ran 11
BTM460, contain Ran 11
BTM139, contain Ran 11
TBH027, contain Ran 11
TBH218, contain Ran 11
TBH700, contain Ran 11
BTM401, contain Ran 11
BTM992, contain Ran 11
TPI078, contain Ran 11
BTM763, contain Ran 11
BTM038, contain Ran 11
TBH265, contain Ran 11
RAI059, contain Ran 11
TBK534, contain Ran 11
TPI127, contain Ran 11
TPI115, contain Ran 11
BTM432, contain Ran 11
BTM207, contain Ran 11
TPI517, contain Ran 11
BTM301, contain Ran 11
TPI230, contain Ran 11
BTM916, contain Ran 11
TPI022, contain Ran 11
TPI055, contain Ran 11
BTM007, contain Ran 11
BTM558, contain Ran 11
BTM195, contain Ran 11
TPI068, contain Ran 11
BTM609, contain Ran 11
DAK003, contain Ran 11
BTM163, contain Ran 11
BTM189, contain Ran 11
BTM068, contain Ran 11
TPI022, contain Ran 11
TBK180, contain Ran 11
TMP009, contain Ran 11
TPI615, contain Ran 11
TBH063, contain Ran 11
TBK544, contain Ran 11
BTM273, contain Ran 11
TBK054, contain Ran 11
BSB003, contain Ran 11
TBK211, contain Ran 11
BTX015, contain Ran 11
BTM678, contain Ran 11
BTM613, contain Ran 11
TPI172, contain Ran 11
TBK423, contain Ran 11
TPI271, contain Ran 11
TPI077, contain Ran 11
BTM626, contain Ran 11
BTM574, contain Ran 11
TBK040, contain Ran 11
BTM458, contain Ran 11
COJ107, contain Ran 11
TPI621, contain Ran 11
TBK064, contain Ran 11
BTM016, contain Ran 11
BTM517, contain Ran 11
TPI519, contain Ran 11
BTM966, contain Ran 11
BTM442, contain Ran 11
BTM083, contain Ran 11
TBH036, contain Ran 11
BTX014, contain Ran 11
TBK062, contain Ran 11
BSB005, contain Ran 11
TBK106, contain Ran 11
BTM695, contain Ran 11
RAI002, contain Ran 11
BTM995, contain Ran 11
TPI241, contain Ran 11
COJ107, contain Ran 11
TPI646, contain Ran 11
TPI175, contain Ran 11
TBK065, contain Ran 11
TPI170, contain Ran 11
BTM662, contain Ran 11
BTM766, contain Ran 11
TBH059, contain Ran 11
TBK057, contain Ran 11
TPI107, contain Ran 11
BTM864, contain Ran 11
BTM113, contain Ran 11
TPI219, contain Ran 11
TPI020, contain Ran 11
TPI589, contain Ran 11
TBK102, contain Ran 11
BTM565, contain Ran 11
BTM321, contain Ran 11
TPI392, contain Ran 11
TBK526, contain Ran 11
TPI013, contain Ran 11
BTM121, contain Ran 11
BTM968, contain Ran 11
TPI667, contain Ran 11
RAI203, contain Ran 11
TPI171, contain Ran 11
TPI539, contain Ran 11
BTM194, contain Ran 11
TPI526, contain Ran 11
TPI187, contain Ran 11
TBK073, contain Ran 11
TBK040, contain Ran 11
RAI510, contain Ran 11
TPI108, contain Ran 11
BSB005, contain Ran 11
BTM722, contain Ran 11
TPI657, contain Ran 11
TBK539, contain Ran 11
TBK093, contain Ran 11
TBK292, contain Ran 11
BTM052, contain Ran 11
BTM965, contain Ran 11
TPI052, contain Ran 11
BTM522, contain Ran 11
BTM420, contain Ran 11
BTM568, contain Ran 11
BTM033, contain Ran 11
BTM799, contain Ran 11
BTM859, contain Ran 11
BTM551, contain Ran 11
BTM625, contain Ran 11
TBH734, contain Ran 11
BTM008, contain Ran 11
TPI070, contain Ran 11
TMP004, contain Ran 11
TPI035, contain Ran 11
BTM363, contain Ran 11
RAI028, contain Ran 11
TBK108, contain Ran 11
TPI593, contain Ran 11
TMP008, contain Ran 11
BTM499, contain Ran 11
TPI392, contain Ran 11
TBK036, contain Ran 11
BTM153, contain Ran 11
TBH749, contain Ran 11
TPI437, contain Ran 11
BTM019, contain Ran 11
TPI044, contain Ran 11
BTM655, contain Ran 11
TBH398, contain Ran 11
BTM912, contain Ran 11
BTM161, contain Ran 11
TPI244, contain Ran 11
TPI390, contain Ran 11
TPI024, contain Ran 11
TPI173, contain Ran 11
RAI527, contain Ran 11
RAI018, contain Ran 11
TPI020, contain Ran 11
BTM062, contain Ran 11
TBK049, contain Ran 11
RAI538, contain Ran 11
BTM530, contain Ran 11
TPI179, contain Ran 11
BTM001, contain Ran 11
BTM394, contain Ran 11
TBK046, contain Ran 11
TMP006, contain Ran 11
TPI619, contain Ran 11
TBH238, contain Ran 11
BTM070, contain Ran 11
TBH017, contain Ran 11
TPI541, contain Ran 11
TPI011, contain Ran 11
TPI168, contain Ran 11
BTM781, contain Ran 11
TBK105, contain Ran 11
BTM138, contain Ran 11
BTM123, contain Ran 11
BTM079, contain Ran 11
TBH757, contain Ran 11
TBK532, contain Ran 11
TPI520, contain Ran 11
TBH699, contain Ran 11
TPI299, contain Ran 11
BTM914, contain Ran 11
BTM799, contain Ran 11
BTM208, contain Ran 11
BTM637, contain Ran 11
TBK005, contain Ran 11
TPI161, contain Ran 11
TBK547, contain Ran 11
TBK210, contain Ran 11
TPI004, contain Ran 11
TPI054, contain Ran 11
BTM013, contain Ran 11
BTM011, contain Ran 11
BTM653, contain Ran 11
TPI001, contain Ran 11
RAI014, contain Ran 11
PKR584, contain Ran 11
TPI140, contain Ran 11
TPI177, contain Ran 11
BTM108, contain Ran 11
BTM977, contain Ran 11
TBH236, contain Ran 11
TBK014, contain Ran 11
TPI618, contain Ran 11
BSB002, contain Ran 11
BTM632, contain Ran 11
BTM917, contain Ran 11
TPI010, contain Ran 11
TBK293, contain Ran 11
BTM077, contain Ran 11
TPI659, contain Ran 11
RAI101, contain Ran 11
TPI104, contain Ran 11
TPI516, contain Ran 11
TBH646, contain Ran 11
BTM361, contain Ran 11
TMP011, contain Ran 11
BTM858, contain Ran 11
BTM623, contain Ran 11
COJ094, contain Ran 11
TPI530, contain Ran 11
TBH191, contain Ran 11
BTM734, contain Ran 11
BTM072, contain Ran 11
TPI537, contain Ran 11
TPI626, contain Ran 11
TPI102, contain Ran 11
BTX002, contain Ran 11
BTM132, contain Ran 11
BTM124, contain Ran 11
BTM713, contain Ran 11
TBK295, contain Ran 11
TPI563, contain Ran 11
TPI128, contain Ran 11
RAI054, contain Ran 11
RAI103, contain Ran 11
TPI180, contain Ran 11
BTM534, contain Ran 11
BTM391, contain Ran 11
TPI048, contain Ran 11
TPI057, contain Ran 11
RAI102, contain Ran 11
BTM977, contain Ran 11
TPI109, contain Ran 11
BTM453, contain Ran 11
BTM010, contain Ran 11
TPI126, contain Ran 11
RAI283, contain Ran 11
BTM036, contain Ran 11
BTM752, contain Ran 11
BTM440, contain Ran 11
TBH386, contain Ran 11
PKR655, contain Ran 11
BTM677, contain Ran 11
TBK103, contain Ran 11
TPI103, contain Ran 11
BTM051, contain Ran 11
BTM407, contain Ran 11
TPI100, contain Ran 11
TBK294, contain Ran 11
TPI102, contain Ran 11
TBK225, contain Ran 11
BTM667, contain Ran 11
TBK168, contain Ran 11
TPI503, contain Ran 11
BTM473, contain Ran 11
TBK171, contain Ran 11
TPI284, contain Ran 11
BTM729, contain Ran 11
TBK406, contain Ran 11
BTM057, contain Ran 11
TBH272, contain Ran 11
BTM066, contain Ran 11
TBH040, contain Ran 11
TPI276, contain Ran 11
BTM134, contain Ran 11
COJ096, contain Ran 11
COJ095, contain Ran 11
TPI103, contain Ran 11
TBK079, contain Ran 11
TBH066, contain Ran 11
BTM117, contain Ran 11
TPI173, contain Ran 11
BTM603, contain Ran 11
TPI055, contain Ran 11
TBK057, contain Ran 11
TBK509, contain Ran 11
BTM847, contain Ran 11
BTM093, contain Ran 11
TBH071, contain Ran 11
BTM447, contain Ran 11
BTM632, contain Ran 11
BTM921, contain Ran 11
RAI085, contain Ran 11
RAI515, contain Ran 11
TPI655, contain Ran 11
BTM596, contain Ran 11
BTM723, contain Ran 11
TBK277, contain Ran 11
BTM634, contain Ran 11
TBH137, contain Ran 11
DAK019, contain Ran 11
TPI015, contain Ran 11
TBK045, contain Ran 11
TPI026, contain Ran 11
TBK153, contain Ran 11
TBK090, contain Ran 11
TBK092, contain Ran 11
BTM615, contain Ran 11
BTM502, contain Ran 11
BTM400, contain Ran 11
TPI147, contain Ran 11
TBK149, contain Ran 11
BTM820, contain Ran 11
BTM635, contain Ran 11
TPI041, contain Ran 11
TBH047, contain Ran 11
BTM462, contain Ran 11
TPI047, contain Ran 11
RAI015, contain Ran 11
BTM638, contain Ran 11
BTM421, contain Ran 11
TPI160, contain Ran 11
TMP004, contain Ran 11
TBH224, contain Ran 11
BTM993, contain Ran 11
BTM190, contain Ran 11
TBK010, contain Ran 11
BTM028, contain Ran 11
TPI272, contain Ran 11
TPI438, contain Ran 11
TPI183, contain Ran 11
TPI271, contain Ran 11
RAI015, contain Ran 11
BTM044, contain Ran 11
BTM231, contain Ran 11
TPI437, contain Ran 11
BTM433, contain Ran 11
TBK514, contain Ran 11
TBK225, contain Ran 11
BTM474, contain Ran 11
BTM193, contain Ran 11
TBK063, contain Ran 11
DAK001, contain Ran 11
TBK018, contain Ran 11
BTM115, contain Ran 11
TPI197, contain Ran 11
TPI540, contain Ran 11
TPI040, contain Ran 11
TBH419, contain Ran 11
TPI169, contain Ran 11
TPI249, contain Ran 11
BTX009, contain Ran 11
BTM141, contain Ran 11
TBK013, contain Ran 11
BTM289, contain Ran 11
BTM673, contain Ran 11
BTM081, contain Ran 11
TBK049, contain Ran 11
TPI578, contain Ran 11
TBK145, contain Ran 11
BTM041, contain Ran 11
TPI588, contain Ran 11
TBH416, contain Ran 11
TBH032, contain Ran 11
BSB001, contain Ran 11
BTM180, contain Ran 11
BTM084, contain Ran 11
TBK098, contain Ran 11
TPI176, contain Ran 11
BTM148, contain Ran 11
TBK085, contain Ran 11
RAI008, contain Ran 11
TPI005, contain Ran 11
TBH056, contain Ran 11
BTM800, contain Ran 11
TBK294, contain Ran 11
BTM021, contain Ran 11
TBH283, contain Ran 11
TBK442, contain Ran 11
BTM650, contain Ran 11
TPI101, contain Ran 11
BTM147, contain Ran 11
TPI659, contain Ran 11
BTM424, contain Ran 11
TBK102, contain Ran 11
BTM982, contain Ran 11
TPI134, contain Ran 11
DAK009, contain Ran 11
RAI055, contain Ran 11
RAI030, contain Ran 11
TBH184, contain Ran 11
BTX041, contain Ran 11
TPI502, contain Ran 11
BTM878, contain Ran 11
BTM116, contain Ran 11
TPI653, contain Ran 11
BTM556, contain Ran 11
BTM122, contain Ran 11
BTM030, contain Ran 11
BTM478, contain Ran 11
TBK532, contain Ran 11
BTX012, contain Ran 11
TPI504, contain Ran 11
BTM178, contain Ran 11
BTM786, contain Ran 11
BLS052, contain Ran 11
TBH294, contain Ran 11
TPI011, contain Ran 11
TPI212, contain Ran 11
TPI596, contain Ran 11
TPI506, contain Ran 11
RAI058, contain Ran 11
BTM136, contain Ran 11
TBK003, contain Ran 11
TBK512, contain Ran 11
TPI623, contain Ran 11
RAI071, contain Ran 11
BTM842, contain Ran 11
BTM450, contain Ran 11
BTM159, contain Ran 11
TPI628, contain Ran 11
DAK011, contain Ran 11
BTM970, contain Ran 11
RAI031, contain Ran 11
TBK277, contain Ran 11
BTM201, contain Ran 11
BTM127, contain Ran 11
BLS158, contain Ran 11
BTM042, contain Ran 11
TBH380, contain Ran 11
TPI616, contain Ran 11
BTM980, contain Ran 11
TMP003, contain Ran 11
BTM025, contain Ran 11
BTM191, contain Ran 11
TPI563, contain Ran 11
BTM978, contain Ran 11
TPI215, contain Ran 11
BTM628, contain Ran 11
BTM196, contain Ran 11
BTM110, contain Ran 11
BTM965, contain Ran 11
TPI235, contain Ran 11
BTM745, contain Ran 11
DAK009, contain Ran 11
BTM002, contain Ran 11
BTX041, contain Ran 11
TPI655, contain Ran 11
TPI014, contain Ran 11
TPI197, contain Ran 11
TPI034, contain Ran 11
TBK533, contain Ran 11
COJ097, contain Ran 11
BTM401, contain Ran 11
TBK502, contain Ran 11
TPI616, contain Ran 11
TPI065, contain Ran 11
BTM144, contain Ran 11
TPI029, contain Ran 11
TPI138, contain Ran 11
TPI667, contain Ran 11
BTM712, contain Ran 11
BTM130, contain Ran 11
BTM246, contain Ran 11
TBK044, contain Ran 11
BTX014, contain Ran 11
TPI241, contain Ran 11
TPI641, contain Ran 11
BTM027, contain Ran 11
BTM536, contain Ran 11
BTM981, contain Ran 11
BTM419, contain Ran 11
BTM150, contain Ran 11
TBK041, contain Ran 11
BTM669, contain Ran 11
TBH685, contain Ran 11
BTM807, contain Ran 11
TPI610, contain Ran 11
TBH057, contain Ran 11
TBK517, contain Ran 11
TBH067, contain Ran 11
TBK070, contain Ran 11
TPI045, contain Ran 11
BTM696, contain Ran 11
TBH382, contain Ran 11
BTM009, contain Ran 11
COJ071, contain Ran 11
TPI549, contain Ran 11
TPI666, contain Ran 11
BTM721, contain Ran 11
BTM616, contain Ran 11
BTM231, contain Ran 11
TPI652, contain Ran 11
RAI105, contain Ran 11
TPI658, contain Ran 11
BTM074, contain Ran 11
TMP001, contain Ran 11
BTM696, contain Ran 11
TBK516, contain Ran 11
TBK275, contain Ran 11
TBK541, contain Ran 11
BTM062, contain Ran 11
TPI166, contain Ran 11
BTM594, contain Ran 11
TPI615, contain Ran 11
TPI122, contain Ran 11
TBH042, contain Ran 11
TBK041, contain Ran 11
TPI046, contain Ran 11
BTM793, contain Ran 11
TPI553, contain Ran 11
TPI019, contain Ran 11
TBH287, contain Ran 11
BTM045, contain Ran 11
BTM631, contain Ran 11
BTM537, contain Ran 11
TPI157, contain Ran 11
BTM708, contain Ran 11
TPI004, contain Ran 11
TPI558, contain Ran 11
TPI352, contain Ran 11
TMP005, contain Ran 11
BTM436, contain Ran 11
DAK019, contain Ran 11
BTM617, contain Ran 11
TBK522, contain Ran 11
TBH202, contain Ran 11
BTM539, contain Ran 11
BTM112, contain Ran 11
BTX003, contain Ran 11
BTM797, contain Ran 11
BTM925, contain Ran 11
BTM877, contain Ran 11
BTM805, contain Ran 11
BTM468, contain Ran 11
RAI050, contain Ran 11
TBK169, contain Ran 11
TBK104, contain Ran 11
TBK072, contain Ran 11
BTM806, contain Ran 11
BTM680, contain Ran 11
TBK034, contain Ran 11
TBK014, contain Ran 11
TPI546, contain Ran 11
TBK047, contain Ran 11
RAI034, contain Ran 11
BTM787, contain Ran 11
BTM202, contain Ran 11
TPI146, contain Ran 11
BTM617, contain Ran 11
BTM746, contain Ran 11
BTM788, contain Ran 11
BTM015, contain Ran 11
TBH684, contain Ran 11
TBH023, contain Ran 11
BSB003, contain Ran 11
TBK282, contain Ran 11
BTM473, contain Ran 11
TBH087, contain Ran 11
TPI036, contain Ran 11
TPI155, contain Ran 11
BTM102, contain Ran 11
TBK542, contain Ran 11
BTM174, contain Ran 11
BTM166, contain Ran 11
BTM071, contain Ran 11
BTM430, contain Ran 11
TPI438, contain Ran 11
BTM740, contain Ran 11
BTM406, contain Ran 11
BTM640, contain Ran 11
TPI057, contain Ran 11
BTX008, contain Ran 11
BTM990, contain Ran 11
TMP009, contain Ran 11
TBK097, contain Ran 11
BTM843, contain Ran 11
TBK094, contain Ran 11
BTM543, contain Ran 11
BTM445, contain Ran 11
TPI537, contain Ran 11
BTM149, contain Ran 11
BTX013, contain Ran 11
BTX012, contain Ran 11
RAI102, contain Ran 11
BTM443, contain Ran 11
BTM566, contain Ran 11
BTM546, contain Ran 11
TBK039, contain Ran 11
TPI053, contain Ran 11
BTX001, contain Ran 11
BTM179, contain Ran 11
BTM523, contain Ran 11
TBH710, contain Ran 11
BTM913, contain Ran 11
TBK084, contain Ran 11
BTM785, contain Ran 11
TBK547, contain Ran 11
TPI021, contain Ran 11
TPI181, contain Ran 11
TBH407, contain Ran 11
TBH288, contain Ran 11
BTM981, contain Ran 11
TBH418, contain Ran 11
TMP006, contain Ran 11
BTM659, contain Ran 11
BTM663, contain Ran 11
BTM645, contain Ran 11
BTM043, contain Ran 11
BTM119, contain Ran 11
BTM795, contain Ran 11
TBK149, contain Ran 11
COJ075, contain Ran 11
BTM978, contain Ran 11
BTM183, contain Ran 11
TBH391, contain Ran 11
TBH756, contain Ran 11
BTM641, contain Ran 11
TBK063, contain Ran 11
BTM003, contain Ran 11
BTM471, contain Ran 11
BTM535, contain Ran 11
BTM262, contain Ran 11
BTX026, contain Ran 11
TPI665, contain Ran 11
TBK295, contain Ran 11
BTM877, contain Ran 11
TBH111, contain Ran 11
TBK088, contain Ran 11
TBK107, contain Ran 11
TPI415, contain Ran 11
TPI650, contain Ran 11
TBK161, contain Ran 11
BTM686, contain Ran 11
BTM259, contain Ran 11
BTM154, contain Ran 11
TPI166, contain Ran 11
BTM428, contain Ran 11
TPI345, contain Ran 11
BTM856, contain Ran 11
BTM520, contain Ran 11
TPI640, contain Ran 11
BTM782, contain Ran 11
BTM092, contain Ran 11
TPI233, contain Ran 11
TPI165, contain Ran 11
BTM467, contain Ran 11
TBK538, contain Ran 11
TPI562, contain Ran 11
BTM866, contain Ran 11
BTM421, contain Ran 11
BTX048, contain Ran 11
TBK250, contain Ran 11
BTM056, contain Ran 11
TPI629, contain Ran 11
BTX053, contain Ran 11
BTM724, contain Ran 11
TBH588, contain Ran 11
BTM288, contain Ran 11
BTM764, contain Ran 11
BTM378, contain Ran 11
BTM559, contain Ran 11
BTM109, contain Ran 11
TPI178, contain Ran 11
TPI279, contain Ran 11
RAI104, contain Ran 11
TPI538, contain Ran 11
BTM994, contain Ran 11
TBH210, contain Ran 11
BTM979, contain Ran 11
TBK087, contain Ran 11
TPI155, contain Ran 11
BTM412, contain Ran 11
TPI389, contain Ran 11
TBH263, contain Ran 11
TPI143, contain Ran 11
TBK017, contain Ran 11
TBK107, contain Ran 11
RAI051, contain Ran 11
BTM026, contain Ran 11
RAI067, contain Ran 11
BTM106, contain Ran 11
TPI125, contain Ran 11
TBK220, contain Ran 11
TBK033, contain Ran 11
BTM937, contain Ran 11
BTM868, contain Ran 11
BTX001, contain Ran 11
TBK518, contain Ran 11
TPI641, contain Ran 11
BTM562, contain Ran 11
NTJ001, contain Ran 11
TBK095, contain Ran 11
TBH281, contain Ran 11
TBH288, contain Ran 11
BTM017, contain Ran 11
BTM423, contain Ran 11
BTM120, contain Ran 11
TPI009, contain Ran 11
BTM182, contain Ran 11
BTM681, contain Ran 11
BTM401, contain Ran 11
RAI082, contain Ran 11
BTM349, contain Ran 11
BTM968, contain Ran 11
TPI602, contain Ran 11
RAI057, contain Ran 11
TPI613, contain Ran 11
TBH075, contain Ran 11
BTM434, contain Ran 11
TPI533, contain Ran 11
BSB002, contain Ran 11
TPI090, contain Ran 11
TPI174, contain Ran 11
BTM114, contain Ran 11
BTM870, contain Ran 11
RAI103, contain Ran 11
BTM133, contain Ran 11
BTM608, contain Ran 11
BTM101, contain Ran 11
TBK096, contain Ran 11
BTM097, contain Ran 11
RAI060, contain Ran 11
TBH311, contain Ran 11
BTM050, contain Ran 11
TPI161, contain Ran 11
TBK032, contain Ran 11
TBK004, contain Ran 11
RAI107, contain Ran 11
BTM458, contain Ran 11
BTX003, contain Ran 11
BTM069, contain Ran 11
BTM325, contain Ran 11
TPI546, contain Ran 11
RAI551, contain Ran 11
BTM006, contain Ran 11
DAK021, contain Ran 11
TBK067, contain Ran 11
TPI562, contain Ran 11
TPI639, contain Ran 11
TPI666, contain Ran 11
BTM692, contain Ran 11
TPI506, contain Ran 11
BTM733, contain Ran 11
BTM090, contain Ran 11
TPI556, contain Ran 11
BTM096, contain Ran 11
RAI018, contain Ran 11
TBK007, contain Ran 11
TBK537, contain Ran 11
TPI116, contain Ran 11
BSB004, contain Ran 11
BTM633, contain Ran 11
TPI037, contain Ran 11
TBK083, contain Ran 11
BTM103, contain Ran 11
BTM031, contain Ran 11
BTM065, contain Ran 11
TBK004, contain Ran 11
DAK002, contain Ran 11
BTM438, contain Ran 11
TPI037, contain Ran 11
TBH286, contain Ran 11
BTM415, contain Ran 11
BTM204, contain Ran 11
BTM395, contain Ran 11
BTM486, contain Ran 11
BTM060, contain Ran 11
BTM493, contain Ran 11
RAI081, contain Ran 11
TPI135, contain Ran 11
BTM003, contain Ran 11
TBK037, contain Ran 11
BTM657, contain Ran 11
BTM838, contain Ran 11
BTM636, contain Ran 11
TBK522, contain Ran 11
TPI633, contain Ran 11
BTM947, contain Ran 11
BTM672, contain Ran 11
TPI040, contain Ran 11
BTX017, contain Ran 11
TPI627, contain Ran 11
TPI106, contain Ran 11
TMP002, contain Ran 11
BTM206, contain Ran 11
TPI284, contain Ran 11
TBK523, contain Ran 11
TBK441, contain Ran 11
BTM089, contain Ran 11
BTX022, contain Ran 11
TMP007, contain Ran 11
TBK037, contain Ran 11
TBK528, contain Ran 11
TBH295, contain Ran 11
TBK172, contain Ran 11
TBK078, contain Ran 11
TMP003, contain Ran 11
TBK528, contain Ran 11
BTX010, contain Ran 11
TBK533, contain Ran 11
TPI566, contain Ran 11
TBK441, contain Ran 11
BTM049, contain Ran 11
BTM672, contain Ran 11
BTM109, contain Ran 11
TBH259, contain Ran 11
BTM674, contain Ran 11
BTM366, contain Ran 11
TPI035, contain Ran 11
BTM645, contain Ran 11
TPI119, contain Ran 11
BTM081, contain Ran 11
BTM118, contain Ran 11
RAI033, contain Ran 11
TPI549, contain Ran 11
TBK022, contain Ran 11
BTM083, contain Ran 11
BTM478, contain Ran 11
BTM443, contain Ran 11
BTM017, contain Ran 11
TPI090, contain Ran 11
BTM634, contain Ran 11
RAI514, contain Ran 11
BTM043, contain Ran 11
BTM325, contain Ran 11
TBH052, contain Ran 11
BTM177, contain Ran 11
BTM415, contain Ran 11
BTM002, contain Ran 11
BTM163, contain Ran 11
BTM633, contain Ran 11
BTM993, contain Ran 11
BTM019, contain Ran 11
TPI078, contain Ran 11
BTM820, contain Ran 11
BTM393, contain Ran 11
BTM843, contain Ran 11
TBH014, contain Ran 11
BTM537, contain Ran 11
BTM838, contain Ran 11
BTM549, contain Ran 11
BTM356, contain Ran 11
BTM858, contain Ran 11
BTM847, contain Ran 11
BTM782, contain Ran 11
BTM595, contain Ran 11
BTM030, contain Ran 11
BTM020, contain Ran 11
TBH682, contain Ran 11
BTM878, contain Ran 11
TBH048, contain Ran 11
BTM982, contain Ran 11
BTM490, contain Ran 11
TPI617, contain Ran 11
BTM194, contain Ran 11
BTM130, contain Ran 11
BTM381, contain Ran 11
TPI235, contain Ran 11
RAI058, contain Ran 11
BTM635, contain Ran 11
BTM149, contain Ran 11
TPI174, contain Ran 11
BTM686, contain Ran 11
TBK250, contain Ran 11
TBK098, contain Ran 11
BLS052, contain Ran 11
BTM718, contain Ran 11
BTM421, contain Ran 11
BTM737, contain Ran 11
TPI657, contain Ran 11
BTM787, contain Ran 11
BTM065, contain Ran 11
COJ089, contain Ran 11
TPI517, contain Ran 11
BTM438, contain Ran 11
BTM806, contain Ran 11
TPI109, contain Ran 11
TBK168, contain Ran 11
BTM062, contain Ran 11
BTM926, contain Ran 11
RAI203, contain Ran 11
TBH747, contain Ran 11
BTM114, contain Ran 11
BTM208, contain Ran 11
RAI067, contain Ran 11
COJ091, contain Ran 11
TPI578, contain Ran 11
BTM840, contain Ran 11
BTM007, contain Ran 11
TPI542, contain Ran 11
BTM784, contain Ran 11
BTM566, contain Ran 11
BTM571, contain Ran 11
TBK275, contain Ran 11
TBK097, contain Ran 11
BTM138, contain Ran 11
TPI143, contain Ran 11
TBK502, contain Ran 11
BTM090, contain Ran 11
TBK094, contain Ran 11
TPI106, contain Ran 11
BTM636, contain Ran 11
BTM001, contain Ran 11
TBK171, contain Ran 11
BTM526, contain Ran 11
TPI034, contain Ran 11
TBH210, contain Ran 11
BTM101, contain Ran 11
BTM791, contain Ran 11
BTM108, contain Ran 11
TPI610, contain Ran 11
BTM471, contain Ran 11
BTM187, contain Ran 11
BTM350, contain Ran 11
BTM708, contain Ran 11
BTM194, contain Ran 11
TBH201, contain Ran 11
BTM551, contain Ran 11
BTM021, contain Ran 11
BTM928, contain Ran 11
TBK091, contain Ran 11
BTM784, contain Ran 11
TBH419, contain Ran 11
BTM866, contain Ran 11
BTM803, contain Ran 11
TPI051, contain Ran 11
TBK518, contain Ran 11
BTM924, contain Ran 11
BTM569, contain Ran 11
BTM992, contain Ran 11
BTM692, contain Ran 11
BTM154, contain Ran 11
BTM071, contain Ran 11
BTM506, contain Ran 11
BTM734, contain Ran 11
BTM193, contain Ran 11
TBK546, contain Ran 11
TPI176, contain Ran 11
BTM534, contain Ran 11
TBH027, contain Ran 11
TPI618, contain Ran 11
BTM846, contain Ran 11
TPI215, contain Ran 11
BTM119, contain Ran 11
TPI068, contain Ran 11
BTM568, contain Ran 11
BTM206, contain Ran 11
BTM027, contain Ran 11
BTM494, contain Ran 11
TBK523, contain Ran 11
TBH247, contain Ran 11
BTM807, contain Ran 11
BTM430, contain Ran 11
BTM968, contain Ran 11
BTM202, contain Ran 11
BTM493, contain Ran 11
TPI180, contain Ran 11
BTM153, contain Ran 11
RAI527, contain Ran 11
TPI165, contain Ran 11
BTM115, contain Ran 11
TBK293, contain Ran 11
TPI029, contain Ran 11
BTM800, contain Ran 11
BTM010, contain Ran 11
TPI026, contain Ran 11
TPI024, contain Ran 11
BTM842, contain Ran 11
TPI658, contain Ran 11
BTM670, contain Ran 11
BTM862, contain Ran 11
BTM392, contain Ran 11
TBK096, contain Ran 11
BTM100, contain Ran 11
BTM458, contain Ran 11
RAI054, contain Ran 11
BTM368, contain Ran 11
BTM538, contain Ran 11
BTM445, contain Ran 11
BTM871, contain Ran 11
TBK079, contain Ran 11
BTM078, contain Ran 11
BTM546, contain Ran 11
BTM473, contain Ran 11
BTM405, contain Ran 11
BTM196, contain Ran 11
BTM005, contain Ran 11
BTM474, contain Ran 11
BTM678, contain Ran 11
TPI179, contain Ran 11
BTM085, contain Ran 11
BTM433, contain Ran 11
RAI002, contain Ran 11
BTM478, contain Ran 11
BTM423, contain Ran 11
TPI021, contain Ran 11
TPI504, contain Ran 11
BTM467, contain Ran 11
TBH087, contain Ran 11
TPI646, contain Ran 11
BTM786, contain Ran 11
BTM124, contain Ran 11
BTM492, contain Ran 11
COJ094, contain Ran 11
BTM110, contain Ran 11
BTM505, contain Ran 11
RAI510, contain Ran 11
BTM710, contain Ran 11
BTM234, contain Ran 11
TBH057, contain Ran 11
BTM937, contain Ran 11
BTM872, contain Ran 11
BTM539, contain Ran 11
BTM781, contain Ran 11
TBK085, contain Ran 11
TBK069, contain Ran 11
TPI014, contain Ran 11
BTM718, contain Ran 11
BTM669, contain Ran 11
BTM386, contain Ran 11
BTM376, contain Ran 11
BTM308, contain Ran 11
TPI127, contain Ran 11
TPI157, contain Ran 11
BTM377, contain Ran 11
BTM563, contain Ran 11
RAI031, contain Ran 11
BTM051, contain Ran 11
BTM652, contain Ran 11
TBK282, contain Ran 11
BTM617, contain Ran 11
BTM722, contain Ran 11
TBK517, contain Ran 11
TBH183, contain Ran 11
BTM551, contain Ran 11
BTM089, contain Ran 11
TBH296, contain Ran 11
TBK045, contain Ran 11
BTM201, contain Ran 11
TBK044, contain Ran 11
BTM234, contain Ran 11
BTM246, contain Ran 11
BTM626, contain Ran 11
BTM420, contain Ran 11
BTM182, contain Ran 11
TPI593, contain Ran 11
TBK516, contain Ran 11
BTM596, contain Ran 11
TPI140, contain Ran 11
BTM574, contain Ran 11
BTM869, contain Ran 11
RAI283, contain Ran 11
BTM016, contain Ran 11
TPI178, contain Ran 11
BTM625, contain Ran 11
TPI526, contain Ran 11
BTM060, contain Ran 11
BTM453, contain Ran 11
BTM616, contain Ran 11
TPI540, contain Ran 11
TBH224, contain Ran 11
BTM990, contain Ran 11
BTM359, contain Ran 11
TBH737, contain Ran 11
TBH199, contain Ran 11
TBK236, contain Ran 11
BTM195, contain Ran 11
BTM796, contain Ran 11
BTM628, contain Ran 11
TPI177, contain Ran 11
TPI181, contain Ran 11
TBH218, contain Ran 11
BTM152, contain Ran 11
BTM917, contain Ran 11
BTM798, contain Ran 11
BTM043, contain Ran 11
TBK073, contain Ran 11
TPI072, contain Ran 11
BTM099, contain Ran 11
BTM063, contain Ran 11
TBK180, contain Ran 11
BTM003, contain Ran 11
BTM037, contain Ran 11
BTM841, contain Ran 11
BTM349, contain Ran 11
TBK080, contain Ran 11
TPI613, contain Ran 11
TPI005, contain Ran 11
BTM384, contain Ran 11
TBH286, contain Ran 11
BTX008, contain Ran 11
BTM929, contain Ran 11
BTM048, contain Ran 11
BTM183, contain Ran 11
TBH740, contain Ran 11
BTM653, contain Ran 11
BTM161, contain Ran 11
TBK211, contain Ran 11
BTM404, contain Ran 11
BTM536, contain Ran 11
TPI104, contain Ran 11
BTM178, contain Ran 11
BTM379, contain Ran 11
TPI144, contain Ran 11
BTM390, contain Ran 11
BTM100, contain Ran 11
BTM790, contain Ran 11
TPI588, contain Ran 11
BTM300, contain Ran 11
TPI516, contain Ran 11
TPI633, contain Ran 11
TBK062, contain Ran 11
BTM864, contain Ran 11
BTM856, contain Ran 11
TBK003, contain Ran 11
BTM502, contain Ran 11
BTM691, contain Ran 11
TBK017, contain Ran 11
BTM667, contain Ran 11
BTM352, contain Ran 11
TBK093, contain Ran 11
BTM805, contain Ran 11
BTM666, contain Ran 11
BTM301, contain Ran 11
BTM041, contain Ran 11
BTM673, contain Ran 11
RAI059, contain Ran 11
TBH649, contain Ran 11
BTM375, contain Ran 11
TPI507, contain Ran 11
BTM509, contain Ran 11
BTM632, contain Ran 11
BTM117, contain Ran 11
BTM691, contain Ran 11
TBH064, contain Ran 11
BTM207, contain Ran 11
BTM447, contain Ran 11
TPI530, contain Ran 11
TPI558, contain Ran 11
BTM562, contain Ran 11
BTM395, contain Ran 11
TPI553, contain Ran 11
BTM401, contain Ran 11
BTM040, contain Ran 11
BTM696, contain Ran 11
BTM874, contain Ran 11
TPI665, contain Ran 11
BTM154, contain Ran 11
TBK541, contain Ran 11
BTM518, contain Ran 11
BTM745, contain Ran 11
TPI619, contain Ran 11
TBK108, contain Ran 11
BTM412, contain Ran 11
COJ093, contain Ran 11
BTM724, contain Ran 11
BTM854, contain Ran 11
BTM845, contain Ran 11
TPI187, contain Ran 11
TPI352, contain Ran 11
TPI612, contain Ran 11
RAI051, contain Ran 11
TBK539, contain Ran 11
BTM849, contain Ran 11
RAI030, contain Ran 11
BTM106, contain Ran 11
TPI046, contain Ran 11
TPI105, contain Ran 11
BTM850, contain Ran 11
BTM147, contain Ran 11
TPI044, contain Ran 11
TPI389, contain Ran 11
BTM120, contain Ran 11
BTM174, contain Ran 11
TBK169, contain Ran 11
BTM576, contain Ran 11
TBK509, contain Ran 11
BTM076, contain Ran 11
BTM861, contain Ran 11
TPI539, contain Ran 11
BTM125, contain Ran 11
BTM444, contain Ran 11
TBK083, contain Ran 11
BTM020, contain Ran 11
BTM080, contain Ran 11
TPI048, contain Ran 11
BTM793, contain Ran 11
TPI033, contain Ran 11
BTM521, contain Ran 11
TPI501, contain Ran 11
RAI515, contain Ran 11
TBK007, contain Ran 11
BTM646, contain Ran 11
BTM302, contain Ran 11
BTM378, contain Ran 11
BTM486, contain Ran 11
BTM657, contain Ran 11
BTM721, contain Ran 11
BTM042, contain Ran 11
BTM659, contain Ran 11
TPI279, contain Ran 11
BTM263, contain Ran 11
TPI010, contain Ran 11
BTM384, contain Ran 11
BTM321, contain Ran 11
TPI596, contain Ran 11
TPI135, contain Ran 11
BTM925, contain Ran 11
BTM468, contain Ran 11
BTM159, contain Ran 11
TBK034, contain Ran 11
TBK534, contain Ran 11
RAI057, contain Ran 11
BTM766, contain Ran 11
BTM535, contain Ran 11
BTM641, contain Ran 11
BTM186, contain Ran 11
BTM150, contain Ran 11
TPI249, contain Ran 11
BTM859, contain Ran 11
BTM076, contain Ran 11
TBK054, contain Ran 11
TPI627, contain Ran 11
BTM444, contain Ran 11
TBH006, contain Ran 11
TBH002, contain Ran 11
TBK538, contain Ran 11
BTM139, contain Ran 11
BTM123, contain Ran 11
BTX015, contain Ran 11
BTM242, contain Ran 11
TPI041, contain Ran 11
BTM273, contain Ran 11
BTM615, contain Ran 11
BTM190, contain Ran 11
TPI125, contain Ran 11
TBK106, contain Ran 11
BTM245, contain Ran 11
BTM052, contain Ran 11
BTM026, contain Ran 11
TPI520, contain Ran 11
BTM008, contain Ran 11
TBK406, contain Ran 11
BTM389, contain Ran 11
BTM865, contain Ran 11
TPI023, contain Ran 11
BTM179, contain Ran 11
BTM970, contain Ran 11
BTM530, contain Ran 11
BTM057, contain Ran 11
TBK100, contain Ran 11
TPI538, contain Ran 11
COJ092, contain Ran 11
BTM134, contain Ran 11
BTM663, contain Ran 11
RAI014, contain Ran 11
TBK210, contain Ran 11
TBH018, contain Ran 11
TPI013, contain Ran 11
BTM681, contain Ran 11
BTM976, contain Ran 11
BTM079, contain Ran 11
BTM096, contain Ran 11
BTM010, contain Ran 11
TPI100, contain Ran 11
BTM288, contain Ran 11
TPI015, contain Ran 11
BTM746, contain Ran 11
TPI541, contain Ran 11
BTM036, contain Ran 11
BTM499, contain Ran 11
BTM460, contain Ran 11
BTM677, contain Ran 11
BTM522, contain Ran 11
BTM107, contain Ran 11
BTM084, contain Ran 11
TBK090, contain Ran 11
TPI052, contain Ran 11
BTM916, contain Ran 11
COJ095, contain Ran 11
BTM752, contain Ran 11
BTM677, contain Ran 11
TBK070, contain Ran 11
TBK064, contain Ran 11
BTM851, contain Ran 11
TPI556, contain Ran 11
BTM103, contain Ran 11
BTM015, contain Ran 11
BTM559, contain Ran 11
BTM133, contain Ran 11
BTM400, contain Ran 11
TBH186, contain Ran 11
BTM348, contain Ran 11
BTM122, contain Ran 11
BTM424, contain Ran 11
BTM361, contain Ran 11
TBH281, contain Ran 11
TPI621, contain Ran 11
RAI060, contain Ran 11
TPI053, contain Ran 11
BTM102, contain Ran 11
BTM895, contain Ran 11
BTM394, contain Ran 11
BTM565, contain Ran 11
BTM391, contain Ran 11
TBH015, contain Ran 11
BTM638, contain Ran 11
BTM637, contain Ran 11
BTM113, contain Ran 11
TBK036, contain Ran 11
TBK039, contain Ran 11
BTM233, contain Ran 11
TPI138, contain Ran 11
BTM289, contain Ran 11
TPI589, contain Ran 11
TPI183, contain Ran 11
BTM510, contain Ran 11
TPI147, contain Ran 11
BTM844, contain Ran 11
BTM870, contain Ran 11
BTM141, contain Ran 11
BTM594, contain Ran 11
TBH283, contain Ran 11
BTM066, contain Ran 11
TPI299, contain Ran 11
BTM434, contain Ran 11
BTM355, contain Ran 11
RAI055, contain Ran 11
BTM139, contain Ran 11
TBK043, contain Ran 11
BTM093, contain Ran 11
BTM852, contain Ran 11
BTM662, contain Ran 11
BTM764, contain Ran 11
BTX017, contain Ran 11
BTM695, contain Ran 11
BTM072, contain Ran 11
BTM723, contain Ran 11
BTM603, contain Ran 11
TBH184, contain Ran 11
BTM608, contain Ran 11
BTM543, contain Ran 11
BTM442, contain Ran 11
BTM733, contain Ran 11
TPI172, contain Ran 11
BTM795, contain Ran 11
BTM021, contain Ran 11
BTM853, contain Ran 11
BTM066, contain Ran 11
BTM136, contain Ran 11
TBK018, contain Ran 11
TBH718, contain Ran 11
BTM188, contain Ran 11
BTM192, contain Ran 11
BTM364, contain Ran 11
TPI101, contain Ran 11
TBH285, contain Ran 11
RAI020, contain Ran 11
TBK010, contain Ran 11
TBK526, contain Ran 11
TBK042, contain Ran 11
BTM613, contain Ran 11
BTM180, contain Ran 11
BTM127, contain Ran 11
BTM860, contain Ran 11
BTM680, contain Ran 11
BTM380, contain Ran 11
TPI134, contain Ran 11
RAI538, contain Ran 11
TPI653, contain Ran 11
BTM655, contain Ran 11
BTM511, contain Ran 11
TBK220, contain Ran 11
TBK092, contain Ran 11
TBK104, contain Ran 11
BTM118, contain Ran 11
TBH714, contain Ran 11
BTM044, contain Ran 11
TBK047, contain Ran 11
TPI146, contain Ran 11
BTM847, contain Ran 11
TBK103, contain Ran 11
TPI503, contain Ran 11
BTM353, contain Ran 11
TPI054, contain Ran 11
TBH256, contain Ran 11
BTM006, contain Ran 11
BTM440, contain Ran 11
TPI276, contain Ran 11
BTM868, contain Ran 11
BTM797, contain Ran 11
BTM144, contain Ran 11
TPI065, contain Ran 11
BTM406, contain Ran 11
BTM556, contain Ran 11
TPI390, contain Ran 11
BTM740, contain Ran 11
RAI050, contain Ran 11
BTM092, contain Ran 11
BTM863, contain Ran 11
BTM788, contain Ran 11
BTM112, contain Ran 11
BTM912, contain Ran 11
TBK087, contain Ran 11
BTM070, contain Ran 11
BTM009, contain Ran 11
BTM025, contain Ran 11
BTM746, contain Ran 11
TBH658, contain Ran 11
BTM710, contain Ran 11
RAI521, contain Ran 11
BTM623, contain Ran 11
TBH528, contain Ran 11
BTM763, contain Ran 11
BTM574, contain Ran 11
TPI108, contain Ran 11
TBH153, contain Ran 11
BTM933, contain Ran 11
COJ096, contain Ran 11
TBH245, contain Ran 11
TBK145, contain Ran 11
BTM184, contain Ran 11
BTM897, contain Ran 11
TBH035, contain Ran 11
BTM839, contain Ran 11
TPI623, contain Ran 11
BTM436, contain Ran 11
BTM156, contain Ran 11
BTM609, contain Ran 11
BTM033, contain Ran 11
TPI169, contain Ran 11
TPI233, contain Ran 11
TBH019, contain Ran 11
BTM013, contain Ran 11
BTM558, contain Ran 11
TPI272, contain Ran 11
BTM091, contain Ran 11
BTM523, contain Ran 11
BTM038, contain Ran 11
BTM382, contain Ran 11
BTM074, contain Ran 11
BTM450, contain Ran 11
BTM520, contain Ran 11
BTM400, contain Ran 11
BTM631, contain Ran 11
TBK170, contain Ran 11
TBK065, contain Ran 11
BTM848, contain Ran 11
BTM712, contain Ran 11
TPI628, contain Ran 11
BTM132, contain Ran 11
BTM921, contain Ran 11
TBK512, contain Ran 11
BTM419, contain Ran 11
BTM082, contain Ran 11
TBH326, contain Ran 11
BTM713, contain Ran 11
BTM011, contain Ran 11
BTM031, contain Ran 11
BTM065, contain Ran 11
BTM359, contain Ran 11
BTM640, contain Ran 11
BTM259, contain Ran 11
TPI519, contain Ran 11
TBK514, contain Ran 11
BTM407, contain Ran 11
TPI650, contain Ran 11
TPI626, contain Ran 11
BTM363, contain Ran 11
BTM967, contain Ran 11
TPI170, contain Ran 11
TPI126, contain Ran 11
BTM388, contain Ran 11
TPI191, contain Ran 11
BTM720, contain Ran 11
TPI045, contain Ran 11
TBK046, contain Ran 11
BTM369, contain Ran 11
BTM069, contain Ran 11
BTM517, contain Ran 11
BTM148, contain Ran 11
TPI115, contain Ran 11
BTM785, contain Ran 11
TPI070, contain Ran 11
BTM262, contain Ran 11
BTM045, contain Ran 11
RAI034, contain Ran 11
BTM031, contain Ran 11
TPI212, contain Ran 11
TPI077, contain Ran 11
BTM429, contain Ran 11
BTM077, contain Ran 11
BTM397, contain Ran 11
TPI182, contain Ran 11
RAI028, contain Ran 11
BTM524, contain Ran 11
BTM647, contain Ran 11
BTM432, contain Ran 11
TPI122, contain Ran 11
TPI117, contain Ran 11
BTM947, contain Ran 11
BTM204, contain Ran 11
BTM387, contain Ran 11
TBK088, contain Ran 11
BTM462, contain Ran 11
BTM121, contain Ran 11
TPI651, contain Ran 11
TBK423, contain Ran 11
TPI168, contain Ran 11
TPI244, contain Ran 11
TPI502, contain Ran 11
BTM028, contain Ran 11
BTM399, contain Ran 11
TBH042, contain Ran 11
TPI009, contain Ran 11
BTX053, contain Ran 11
BTM413, contain Ran 11
TBK033, contain Ran 11
BTM097, contain Ran 11
BTM189, contain Ran 11
BTM650, contain Ran 11
BTM398, contain Ran 11
BTM050, contain Ran 11
TPI160, contain Ran 11
BTM624, contain Ran 11
BTM245, contain Ran 11
BTM759, contain Ran 11
BTM191, contain Ran 11
TPI230, contain Ran 11
BTM205, contain Ran 11
BTM433, contain Ran 11
TPI171, contain Ran 11
BTM729, contain Ran 11
BTM685, contain Ran 11
BTM385, contain Ran 11
BTM068, contain Ran 11
BTM116, contain Ran 11
TPI107, contain Ran 11
TBK172, contain Ran 11
TBK032, contain Ran 11
TPI175, contain Ran 11
BTM056, contain Ran 11
BTM012, contain Ran 11
